Reporter,Partner,Product categories,Indicator Type,Indicator,2021,2020,2019,2018,2017,2016,2015,2014,2013,2012,2011,2010,2009,2008,2007,2006,2005,2004,2003,2002,2001,2000,1999,1998,1997,1996,1995,1994,1993,1992,1991,1990,1989,1988
French Polynesia,World,Consumer goods,Export,Export(US$ Mil),             24.35,             19.24,             26.50,             30.08,             31.33,             61.44,             19.73,             21.02,             23.25,             20.54,             22.29,             26.59,             26.64,             48.52,             38.60,             37.73,             40.92,             35.70,             24.81,             18.02,             14.31,             17.89,             27.33,             22.42,             14.20,             17.68,,,,,,,,
French Polynesia,Denmark,All Products,Export,Trade (US$ Mil)-Top 5 Export Partner,,,,,,,              8.25,,,,,,,,,,,,,,,,,,,,,,,,,,,
French Polynesia,World,Minerals,Export,Export(US$ Mil),              0.04,              0.02,              0.04,              0.05,              0.18,              0.03,              0.01,              0.03,              0.01,              0.01,              0.01,              0.03,              0.11,              0.07,              0.13,              0.08,              0.01,              0.01,              0.00,,,              0.22,              0.00,              0.02,              0.00,              0.01,,,,,,,,
French Polynesia,Germany,All Products,Import,Trade (US$ Mil)-Top 5 Import Partner,,,,,,,,,,,,,,,,,,,,,             40.14,             46.49,,,,,,,,,,,,
French Polynesia,World,Raw materials,Export,Export(US$ Mil),             69.54,             34.22,             66.89,             93.39,             94.11,             76.28,             88.55,            115.71,            108.36,             99.24,             88.80,             94.90,            100.40,            118.59,            116.60,            120.22,            137.71,            122.44,            106.44,            128.74,            123.96,            168.63,            160.14,            144.38,            144.05,            158.03,,,,,,,,
French Polynesia,World,Capital goods,Export,Export(US$ Mil),             27.72,              7.79,             33.10,             18.97,             19.05,             47.65,             12.94,             24.80,             10.73,              4.58,             23.51,             24.73,             14.59,             29.53,              4.88,             21.54,             24.55,             18.17,              9.31,             10.33,             27.99,             25.29,             46.78,             70.46,             41.70,             48.66,,,,,,,,
French Polynesia,World,Plastic or Rubber,Export,Export(US$ Mil),              0.45,              0.48,              0.45,              0.73,              0.55,              0.53,              0.44,              0.31,              0.33,              0.29,              0.47,              0.45,              0.40,              0.59,              0.35,              0.39,              0.46,              0.44,              0.43,              0.21,              0.21,              0.24,              0.36,              0.51,              0.35,              0.30,,,,,,,,
French Polynesia,Japan,All Products,Import,Trade (US$ Mil)-Top 5 Import Partner,,,,,,,,,,,,,,,,,,,,             38.55,,,             42.21,             45.26,             39.40,             36.36,,,,,,,,
French Polynesia,World,Vegetable,Export,Export(US$ Mil),             12.42,              8.45,             12.65,             12.84,             13.61,             12.61,             10.35,              9.82,              8.69,             11.13,             10.18,              7.37,              5.81,              9.26,              7.07,              5.12,              5.72,              6.65,              5.97,              4.39,              3.41,              3.29,              4.23,              2.49,              5.07,              5.59,,,,,,,,
French Polynesia,World,Footwear,Export,Export(US$ Mil),              0.01,              0.09,              0.11,              0.05,              0.06,              0.04,              0.06,              0.04,              0.05,              0.05,              0.05,              0.04,              0.05,              0.03,              0.01,              0.01,              0.04,              0.02,              0.02,              0.02,              0.01,              0.01,              0.02,              0.00,              0.00,              0.01,,,,,,,,
French Polynesia,World,Miscellaneous,Export,Export(US$ Mil),              6.41,              8.56,              5.24,              5.40,             14.98,              4.59,              1.44,              2.03,              1.24,              1.00,              3.80,              2.07,              3.10,              1.89,              1.02,              2.19,              1.44,              3.09,              1.52,              1.71,              1.88,              7.81,             13.63,             11.63,             17.30,             28.90,,,,,,,,
French Polynesia,"Hong Kong, China",All Products,Export,Trade (US$ Mil)-Top 5 Export Partner,             27.12,             10.49,             29.60,             43.32,             45.21,             33.27,             31.84,             48.89,             41.66,             38.26,             39.79,             45.88,             54.30,             85.59,             56.83,             59.89,             58.85,             39.26,             30.72,             50.78,             47.96,             46.57,             31.99,             14.92,              8.57,             13.15,,,,,,,,
French Polynesia,Thailand,All Products,Export,Trade (US$ Mil)-Top 5 Export Partner,,,,,,,,,,,,,,,,,              6.22,             11.60,             12.14,,,,,,,,,,,,,,,
French Polynesia,China,All Products,Export,Trade (US$ Mil)-Top 5 Export Partner,,,,              4.54,,,,,,              3.18,,,,,,,,,,,,,,,,,,,,,,,,
French Polynesia,...,...,Import,No. Of Import products,           3523.00,           3469.00,           3517.00,           3533.00,           3519.00,           3505.00,           3435.00,           3475.00,           3458.00,           3439.00,           3486.00,           3458.00,           3482.00,           3613.00,           3647.00,           3634.00,           3628.00,           3570.00,           3609.00,           3578.00,           3579.00,           3573.00,           3546.00,           3554.00,           3520.00,           3521.00,,,,,,,,
French Polynesia,...,...,Export,No. Of Export products,            802.00,            846.00,            947.00,            932.00,            916.00,            911.00,            872.00,            877.00,            944.00,            792.00,            784.00,            779.00,            812.00,            703.00,            763.00,            770.00,            607.00,            644.00,            663.00,            645.00,            573.00,            680.00,            832.00,            694.00,            818.00,            838.00,,,,,,,,
French Polynesia,...,...,Export,No. Of Export partners,             67.00,             59.00,             62.00,             65.00,             63.00,             64.00,             63.00,             66.00,             69.00,             57.00,             65.00,             61.00,             62.00,             55.00,             62.00,             59.00,             63.00,             55.00,             53.00,             59.00,             56.00,             48.00,             44.00,             46.00,             48.00,             42.00,,,,,,,,
French Polynesia,"Korea, Rep.",All Products,Import,Trade (US$ Mil)-Top 5 Import Partner,            152.00,            146.68,            141.89,            151.50,            121.87,             89.52,,,            197.70,            166.07,,,,,,,,,,,,,,,,,,,,,,,,
French Polynesia,France,All Products,Import,Trade (US$ Mil)-Top 5 Import Partner,            469.76,            443.53,            436.29,            469.60,            473.24,            450.06,            390.28,            455.40,            448.07,            410.96,            429.75,            484.35,            517.55,            674.34,            485.09,            478.59,            603.81,            509.15,            653.15,            587.11,            367.74,            350.91,            353.09,            506.99,            353.89,            434.68,,,,,,,,
French Polynesia,World,Intermediate goods,Export,Export(US$ Mil),             17.54,             14.04,             14.07,             10.44,             12.08,             14.02,              8.97,              8.57,              9.16,             14.67,             15.22,              6.98,              6.63,             10.02,              6.97,              6.83,              7.10,              7.55,              9.34,              9.70,              9.30,              9.79,              7.97,             10.20,             11.69,             12.07,,,,,,,,
French Polynesia,World,Textiles and Clothing,Export,Export(US$ Mil),              0.76,              0.82,              1.45,              1.05,              1.07,              1.11,              0.73,              0.81,              1.02,              0.72,              0.50,              0.49,              0.74,              1.58,              0.73,              0.77,              0.70,              0.87,              0.89,              0.55,              0.27,              0.34,              0.53,              0.55,              0.65,              0.47,,,,,,,,
French Polynesia,World,Food Products,Export,Export(US$ Mil),              5.43,              5.50,              7.10,              7.73,              6.71,              7.14,              7.32,              7.52,              7.95,              8.14,              9.26,              9.66,             10.61,              9.56,              9.35,             14.08,             17.42,             16.97,              9.95,              8.38,              7.13,              3.74,              3.46,              2.83,              0.98,              0.81,,,,,,,,
French Polynesia,World,Consumer goods,Import,Import(US$ Mil),           1137.05,            995.37,           1055.44,           1074.44,            944.59,            852.02,            867.64,           1059.93,           1079.73,           1044.01,           1003.57,           1020.56,           1001.78,           1308.53,            927.60,            910.29,            889.89,            780.90,            726.65,            585.96,            556.67,            513.10,            464.12,            529.00,            493.95,            517.87,,,,,,,,
French Polynesia,Singapore,All Products,Import,Trade (US$ Mil)-Top 5 Import Partner,,,,,,,            130.50,            235.43,,,            250.39,            219.88,            190.31,            316.79,            183.11,            193.65,            158.46,,,,,,,,,,,,,,,,,
French Polynesia,World,Transportation,Export,Export(US$ Mil),             35.56,             10.67,             33.53,             18.74,             24.77,             82.28,             10.52,             20.17,             11.04,              4.07,             13.93,             22.22,             13.05,             28.42,              5.26,             18.51,             22.72,             19.04,             15.48,             14.76,             25.29,             16.32,             31.54,             48.68,             30.18,             28.76,,,,,,,,
French Polynesia,China,All Products,Import,Trade (US$ Mil)-Top 5 Import Partner,            284.85,            234.55,            243.45,            208.28,            182.13,            165.92,            202.06,            184.14,            178.08,            167.62,            153.26,            163.01,            144.28,            165.21,            127.16,            103.37,            108.45,             73.46,             58.02,,,,,,,,,,,,,,,
French Polynesia,United Arab Emirates,All Products,Export,Trade (US$ Mil)-Top 5 Export Partner,,,,,,,,,,,,,,,              4.59,,,,,,,,,,,,,,,,,,,
French Polynesia,Indonesia,All Products,Export,Trade (US$ Mil)-Top 5 Export Partner,,,,,,,,,,,              7.87,,,,,,,,,,,,,,,,,,,,,,,
French Polynesia,World,Raw materials,Import,Import(US$ Mil),            140.01,            134.49,            144.32,            149.47,            139.03,            129.48,            134.50,            158.57,            151.01,            144.75,            134.06,            135.69,            134.83,            154.99,            120.24,            105.42,            117.87,            111.48,             93.59,             77.98,             73.02,             69.41,             69.74,             76.13,             73.79,             75.51,,,,,,,,
French Polynesia,New Caledonia,All Products,Export,Trade (US$ Mil)-Top 5 Export Partner,,,,,,,,,,,,,              4.26,              5.89,,              3.75,,,,              5.77,              5.89,             11.15,             11.90,              9.59,,,,,,,,,,
French Polynesia,Japan,All Products,Export,Trade (US$ Mil)-Top 5 Export Partner,             19.43,             11.07,             16.49,             29.15,             30.25,             26.58,             33.98,             47.00,             44.48,             38.67,             31.13,             30.85,             31.63,             29.27,             52.94,             51.74,             59.48,             56.43,             45.39,             51.81,             45.34,             82.03,            100.85,             94.30,             82.04,            110.96,,,,,,,,
French Polynesia,Colombia,All Products,Export,Trade (US$ Mil)-Top 5 Export Partner,,,,,,,,              8.03,              6.60,,,,,,,,,,,,,,,,,,,,,,,,,
French Polynesia,United Kingdom,All Products,Export,Trade (US$ Mil)-Top 5 Export Partner,,,             13.95,,,,,,,,,             16.41,,,,,,,,,,,,,,,,,,,,,,
French Polynesia,World,Hides and Skins,Export,Export(US$ Mil),              0.03,              0.02,              0.07,              0.07,              0.07,              0.08,              0.07,              0.06,              0.09,              0.03,              0.02,              0.02,              0.02,              0.05,              0.03,              0.03,              0.01,              0.01,              0.02,              0.02,              0.01,              0.01,              0.03,              0.01,              0.04,              0.03,,,,,,,,
French Polynesia,...,...,Development,Trade Balance (current US$ Mil),,,,,,,,,,,,,,,,,,,,,,           -666.49,           -729.51,           -930.54,           -780.50,           -849.63,           -887.84,           -741.33,           -818.95,           -843.04,           -871.53,,,
French Polynesia,France,All Products,Export,Trade (US$ Mil)-Top 5 Export Partner,             43.54,             23.97,             27.65,             40.55,             41.54,             43.81,             18.10,             19.44,             21.30,             21.66,             29.94,             20.15,             26.11,             40.70,             15.37,             24.77,             28.96,             26.46,             18.33,             16.24,             25.51,             32.28,             44.56,             70.97,             56.91,             56.99,,,,,,,,
French Polynesia,...,...,Tariff,No. Of Tariff Agreement,              2.00,              2.00,              2.00,              2.00,              2.00,              2.00,              2.00,              2.00,              2.00,              2.00,              2.00,,              2.00,              2.00,,,,,,,,,,,,,,,,,,,,
French Polynesia,World,Wood,Export,Export(US$ Mil),              0.45,              1.42,              1.06,              2.84,              0.73,              0.58,              1.15,              0.59,              0.83,              0.79,              0.50,              0.67,              0.52,              0.61,              0.65,              0.58,              0.50,              0.58,              0.47,              0.42,              0.22,              0.29,              0.46,              0.48,              0.31,              0.22,,,,,,,,
French Polynesia,World,Mach and Elec,Export,Export(US$ Mil),              7.73,              5.05,              7.54,              5.85,              5.28,              7.80,              3.51,              5.89,              2.95,              3.15,             12.79,              5.48,              4.78,              5.51,              4.01,              6.73,              5.81,              4.10,              3.23,              2.93,              8.07,             15.30,             16.99,             29.64,             18.04,             23.37,,,,,,,,
French Polynesia,...,...,Development,GDP (current US$ Mil),,,,,,,,,,,,,,,,,,,,,,           3447.54,           3797.02,           3775.16,           3567.06,           3954.70,           3982.37,           3522.27,           3694.60,           3558.22,           3267.37,           3181.21,           2636.46,           2687.47
French Polynesia,World,Metals,Export,Export(US$ Mil),              1.15,              1.28,              1.25,              1.40,              1.34,              1.36,              1.07,              1.42,              1.75,              2.60,              1.74,              2.48,              0.71,              1.77,              0.36,              0.52,              0.33,              0.46,              0.42,              0.79,              0.48,              0.67,              0.84,              0.78,              0.72,              1.26,,,,,,,,
French Polynesia,Netherlands,All Products,Export,Trade (US$ Mil)-Top 5 Export Partner,              8.06,              4.63,,,,             38.50,,,,,,,,,,,,,,,,,,,,,,,,,,,,
French Polynesia,Australia,All Products,Import,Trade (US$ Mil)-Top 5 Import Partner,,,,,,,,,,,,,,,,,,            134.28,            178.24,            109.19,            116.56,             90.95,             59.58,             72.13,             73.68,             72.39,,,,,,,,
French Polynesia,World,All Products,Tariff,Duty Free Imports (US$ Thousand),         247894.15,         217507.88,         213090.44,         297864.88,         297864.88,         267987.62,         323907.59,         850079.06,         849795.56,         798445.52,         817033.96,,         908378.91,        1204685.55,,,,,,,,,,,,,,,,,,,,
French Polynesia,Ireland,All Products,Export,Trade (US$ Mil)-Top 5 Export Partner,,,,,              9.50,,,,,,,,,,,,,,,,,,,,,,,,,,,,,
French Polynesia,World,Stone and Glass,Export,Export(US$ Mil),             49.62,             24.85,             48.21,             76.65,             80.44,             63.67,             71.95,            100.87,             96.08,             84.05,             81.31,             89.12,             97.22,            133.50,            126.53,            125.70,            143.92,            123.79,            100.17,            119.79,            114.86,            165.03,            170.00,            147.51,            139.88,            156.60,,,,,,,,
French Polynesia,New Zealand,All Products,Import,Trade (US$ Mil)-Top 5 Import Partner,            122.91,            107.46,            115.08,            121.07,            119.02,            114.53,            115.03,            140.27,            145.39,            143.57,            138.66,            139.74,            128.68,            138.40,            122.14,            102.55,            116.98,            115.77,            102.76,             94.54,             82.75,             72.27,             68.51,             65.26,             68.55,             68.33,,,,,,,,
French Polynesia,World,Intermediate goods,Import,Import(US$ Mil),            261.26,            201.04,            206.29,            210.24,            182.81,            173.04,            163.32,            183.65,            196.63,            189.49,            184.29,            196.42,            189.90,            262.10,            199.58,            187.17,            200.95,            190.68,            171.24,            141.76,            129.92,            133.79,            133.76,            149.61,            139.30,            144.34,,,,,,,,
French Polynesia,United States,All Products,Export,Trade (US$ Mil)-Top 5 Export Partner,             23.92,             15.94,             34.44,             21.83,             21.06,             18.38,             23.50,             20.17,             22.02,             23.57,             24.08,             17.75,             16.27,             16.72,             12.42,             22.59,             29.11,             29.37,             21.84,             24.98,             33.39,             26.99,             25.05,             30.98,             34.41,             23.82,,,,,,,,
French Polynesia,United States,All Products,Import,Trade (US$ Mil)-Top 5 Import Partner,            190.17,            164.26,            488.69,            626.87,            174.95,            169.02,            159.13,            188.17,            173.87,            164.96,            168.06,            173.71,            176.48,            221.80,            155.48,            160.91,            169.54,            138.15,            139.93,            116.58,            111.91,            136.19,            153.31,            146.53,            159.33,            141.90,,,,,,,,
French Polynesia,World,All Products,Import,Imports (in US$ Mil),           2003.10,           1714.13,           2118.99,           2264.50,           1665.70,           1526.76,           1526.81,           1761.70,           1814.85,           1706.27,           1627.73,           1725.76,           1717.06,           2237.11,           1598.16,           1546.77,           1701.51,           1479.66,           1564.18,           1267.48,           1016.68,            976.56,            927.01,           1107.38,            935.02,           1015.21,,,,,,,,
French Polynesia,World,Capital goods,Import,Import(US$ Mil),            464.59,            382.84,            712.92,            824.05,            393.87,            366.50,            361.35,            359.54,            387.49,            327.96,            305.80,            373.07,            390.40,            511.46,            350.72,            343.89,            492.76,            396.57,            572.48,            461.76,            257.07,            260.22,            259.36,            352.63,            227.96,            277.47,,,,,,,,
French Polynesia,World,All Products,Export,Exports (in US$ Mil),            143.14,             80.62,            142.13,            155.31,            169.18,            199.52,            130.19,            170.10,            151.49,            139.03,            149.82,            153.19,            148.27,            206.68,            167.05,            186.32,            210.29,            185.31,            149.90,            166.79,            175.56,            222.53,            248.89,            252.08,            221.64,            251.16,,,,,,,,
French Polynesia,...,...,Import,No. Of Import partners,            185.00,            171.00,            182.00,            180.00,            168.00,            170.00,            162.00,            160.00,            158.00,            157.00,            156.00,            147.00,            154.00,            158.00,            162.00,            159.00,            153.00,            153.00,            149.00,            150.00,            143.00,            149.00,            126.00,            126.00,            127.00,            129.00,,,,,,,,
French Polynesia,World,Fuels,Export,Export(US$ Mil),              0.08,              0.18,              0.04,              0.02,              0.06,              0.03,              0.01,              0.01,              0.03,              0.01,              0.05,              0.06,              0.09,              0.14,              0.09,              0.04,              0.02,              0.01,              0.03,              0.01,              0.01,              0.00,              0.00,              0.01,              0.03,              0.03,,,,,,,,
French Polynesia,World,Chemicals,Export,Export(US$ Mil),              3.45,              3.25,              4.10,              4.50,              4.26,              3.76,              3.78,              3.61,              2.88,              3.00,              3.22,              2.69,              2.11,              4.30,              2.90,              2.66,              2.62,              2.67,              2.33,              2.21,              1.50,              1.29,              1.75,              2.11,              1.33,              1.89,,,,,,,,
French Polynesia,Singapore,All Products,Export,Trade (US$ Mil)-Top 5 Export Partner,,,,,,,,,,,,,,,,,,,,,,,,,              6.28,             12.43,,,,,,,,
French Polynesia,World,Animal,Export,Export(US$ Mil),             19.55,              9.98,             19.29,             17.41,             15.07,             13.93,             17.80,             16.91,             16.54,             19.96,             11.99,             10.35,              8.95,              9.41,              8.55,              8.91,              8.56,              6.61,              8.97,             10.62,             12.22,              7.94,              5.03,              4.82,              6.77,              2.92,,,,,,,,
French Polynesia,World,Fuels,Export,Export Product share(%),              0.06,              0.22,              0.03,              0.01,              0.03,              0.01,      0.01,      0.01,      0.02,      0.01,      0.03,      0.04,      0.06,      0.07,      0.05,      0.02,      0.01,      0.00,      0.02,      0.01,      0.01,      0.00,      0.00,      0.01,      0.01,      0.01,,,,,,,,
French Polynesia,World,All Products,Trade Indicator,Country Growth (%),             39.70,            -29.80,             -2.33,             -0.87,              4.83,             -6.30,      0.45,      1.49,     -8.91,     -1.57,     11.72,     12.51,    -19.38,     -3.94,      3.55,      5.83,     -2.08,      8.37,      2.71,      6.53,    -12.38,     -1.19,     11.06,     -8.47,     15.25,     13.98,,,,,,,,
French Polynesia,New Caledonia,All Products,Export,Partner share(%)-Top 5 Export Partner,,,,,,,,,,,,,      2.88,      2.85,,      2.01,,,,      3.46,      3.35,      5.01,      4.78,      3.80,,,,,,,,,,
French Polynesia,World,Vegetable,Export,Export Product share(%),              8.68,             10.48,              8.90,              8.26,              8.05,              6.32,      7.95,      5.77,      5.73,      8.01,      6.79,      4.81,      3.92,      4.48,      4.23,      2.75,      2.72,      3.59,      3.98,      2.63,      1.94,      1.48,      1.70,      0.99,      2.29,      2.22,,,,,,,,
French Polynesia,United States,All Products,Import,Partner share(%)-Top 5 Import Partner,              9.49,              9.58,             23.06,             27.68,             10.50,             11.07,     10.42,     10.68,      9.58,      9.67,     10.32,     10.07,     10.28,      9.91,      9.73,     10.40,      9.96,      9.34,      8.95,      9.20,     11.01,     13.95,     16.54,     13.23,     17.04,     13.98,,,,,,,,
French Polynesia,World,Footwear,Export,Export Product share(%),              0.01,              0.11,              0.08,              0.03,              0.04,              0.02,      0.04,      0.02,      0.03,      0.04,      0.03,      0.03,      0.04,      0.01,      0.01,      0.00,      0.02,      0.01,      0.01,      0.01,      0.01,      0.01,      0.01,      0.00,      0.00,      0.01,,,,,,,,
French Polynesia,...,...,Trade Indicator,HH Market concentration index,              0.27,              0.16,              0.25,              0.28,              0.30,              0.27,      0.24,      0.29,      0.31,      0.25,      0.25,      0.32,      0.32,      0.26,      0.34,      0.35,      0.30,      0.28,      0.28,      0.33,      0.31,      0.34,      0.38,      0.39,      0.29,      0.48,,,,,,,,
French Polynesia,Colombia,All Products,Export,Partner share(%)-Top 5 Export Partner,,,,,,,,      4.72,      4.36,,,,,,,,,,,,,,,,,,,,,,,,,
French Polynesia,World,Capital goods,Tariff,Weighted Average (%),              6.17,              5.15,              5.27,              6.02,              6.02,              6.03,      5.40,      4.77,      4.77,      4.92,      5.32,,      5.19,      3.85,,,,,,,,,,,,,,,,,,,,
French Polynesia,World,Consumer goods,Import,Import Product share(%),             56.76,             58.07,             49.81,             47.45,             56.71,             55.81,     56.83,     60.17,     59.49,     61.19,     61.65,     59.14,     58.34,     58.49,     58.04,     58.85,     52.30,     52.78,     46.46,     46.23,     54.75,     52.54,     50.07,     47.77,     52.83,     51.01,,,,,,,,
French Polynesia,World,Raw materials,Tariff,Weighted Average (%),              1.56,              1.07,              1.09,              1.69,              1.69,              1.69,      1.71,      1.28,      1.28,      1.21,      1.86,,      2.62,      2.33,,,,,,,,,,,,,,,,,,,,
French Polynesia,World,All Products,Trade Indicator,World Growth (%),             12.59,             -3.75,             -1.73,              4.83,              5.56,             -1.38,     -6.30,      0.23,      1.18,     -0.02,      9.25,      9.74,    -12.19,      7.43,      7.58,      7.64,      6.13,     10.40,      8.09,      2.45,     -1.76,      7.19,      2.52,     -0.47,      3.05,      3.55,,,,,,,,
French Polynesia,Indonesia,All Products,Export,Partner share(%)-Top 5 Export Partner,,,,,,,,,,,      5.26,,,,,,,,,,,,,,,,,,,,,,,
French Polynesia,Germany,All Products,Import,Partner share(%)-Top 5 Import Partner,,,,,,,,,,,,,,,,,,,,,      3.95,      4.76,,,,,,,,,,,,
French Polynesia,World,Transportation,Export,Export Product share(%),             24.84,             13.24,             23.59,             12.07,             14.64,             41.24,      8.08,     11.86,      7.29,      2.93,      9.30,     14.50,      8.80,     13.75,      3.15,      9.93,     10.81,     10.27,     10.33,      8.85,     14.40,      7.33,     12.67,     19.31,     13.62,     11.45,,,,,,,,
French Polynesia,World,Capital goods,Import,Import Product share(%),             23.19,             22.33,             33.64,             36.39,             23.65,             24.00,     23.67,     20.41,     21.35,     19.22,     18.79,     21.62,     22.74,     22.86,     21.95,     22.23,     28.96,     26.80,     36.60,     36.43,     25.29,     26.65,     27.98,     31.84,     24.38,     27.33,,,,,,,,
French Polynesia,...,...,Development,Trade Balance (% of GDP),,,,,,,,,,,,,,,,,,,,,,    -19.33,    -19.21,    -24.65,    -21.88,    -21.48,    -22.29,    -21.05,    -22.17,    -23.69,    -26.67,,,
French Polynesia,World,Food Products,Export,Export Product share(%),              3.79,              6.82,              4.99,              4.97,              3.97,              3.58,      5.62,      4.42,      5.25,      5.86,      6.18,      6.31,      7.15,      4.63,      5.60,      7.56,      8.29,      9.16,      6.64,      5.02,      4.06,      1.68,      1.39,      1.12,      0.44,      0.32,,,,,,,,
French Polynesia,China,All Products,Import,Partner share(%)-Top 5 Import Partner,             14.22,             13.68,             11.49,              9.20,             10.93,             10.87,     13.23,     10.45,      9.81,      9.82,      9.42,      9.45,      8.40,      7.39,      7.96,      6.68,      6.37,      4.96,      3.71,,,,,,,,,,,,,,,
French Polynesia,World,All Products,Tariff,Duty Free Tariff Lines Share (%),              6.59,              7.20,              7.88,             14.18,             14.18,              7.34,      7.31,     45.89,     45.77,     44.80,     45.58,,     44.78,     45.06,,,,,,,,,,,,,,,,,,,,
French Polynesia,Singapore,All Products,Export,Partner share(%)-Top 5 Export Partner,,,,,,,,,,,,,,,,,,,,,,,,,      2.83,      4.95,,,,,,,,
French Polynesia,United Arab Emirates,All Products,Export,Partner share(%)-Top 5 Export Partner,,,,,,,,,,,,,,,      2.75,,,,,,,,,,,,,,,,,,,
French Polynesia,World,Metals,Export,Export Product share(%),              0.80,              1.59,              0.88,              0.90,              0.79,              0.68,      0.82,      0.83,      1.16,      1.87,      1.16,      1.62,      0.48,      0.86,      0.22,      0.28,      0.16,      0.25,      0.28,      0.47,      0.27,      0.30,      0.34,      0.31,      0.32,      0.50,,,,,,,,
French Polynesia,China,All Products,Export,Partner share(%)-Top 5 Export Partner,,,,              2.92,,,,,,      2.29,,,,,,,,,,,,,,,,,,,,,,,,
French Polynesia,World,Wood,Export,Export Product share(%),              0.32,              1.76,              0.74,              1.83,              0.43,              0.29,      0.89,      0.35,      0.55,      0.57,      0.33,      0.43,      0.35,      0.29,      0.39,      0.31,      0.24,      0.31,      0.31,      0.25,      0.12,      0.13,      0.18,      0.19,      0.14,      0.09,,,,,,,,
French Polynesia,World,Intermediate goods,Export,Export Product share(%),             12.26,             17.41,              9.90,              6.72,              7.14,              7.03,      6.89,      5.04,      6.05,     10.55,     10.16,      4.56,      4.47,      4.85,      4.17,      3.67,      3.38,      4.07,      6.23,      5.81,      5.30,      4.40,      3.20,      4.05,      5.27,      4.81,,,,,,,,
French Polynesia,World,Intermediate goods,Tariff,Weighted Average (%),              5.40,              5.13,              4.68,              4.79,              4.79,              4.84,      4.92,      3.28,      3.28,      3.31,      3.79,,      3.72,      3.37,,,,,,,,,,,,,,,,,,,,
French Polynesia,World,Textiles and Clothing,Export,Export Product share(%),              0.53,              1.01,              1.02,              0.68,              0.63,              0.56,      0.56,      0.48,      0.67,      0.52,      0.33,      0.32,      0.50,      0.76,      0.44,      0.42,      0.33,      0.47,      0.59,      0.33,      0.16,      0.15,      0.21,      0.22,      0.29,      0.19,,,,,,,,
French Polynesia,World,Mach and Elec,Export,Export Product share(%),              5.40,              6.26,              5.31,              3.77,              3.12,              3.91,      2.69,      3.46,      1.95,      2.27,      8.54,      3.58,      3.23,      2.66,      2.40,      3.61,      2.76,      2.21,      2.16,      1.76,      4.60,      6.88,      6.82,     11.76,      8.14,      9.31,,,,,,,,
French Polynesia,World,Intermediate goods,Import,Import Product share(%),             13.04,             11.73,              9.74,              9.28,             10.97,             11.33,     10.70,     10.42,     10.83,     11.11,     11.32,     11.38,     11.06,     11.72,     12.49,     12.10,     11.81,     12.89,     10.95,     11.18,     12.78,     13.70,     14.43,     13.51,     14.90,     14.22,,,,,,,,
French Polynesia,...,...,Development,Trade in services (% of GDP),,,,,,,,,,,,,,,,,,,,,,,,,,,,,,,,,,
French Polynesia,World,Hides and Skins,Export,Export Product share(%),              0.02,              0.03,              0.05,              0.04,              0.04,              0.04,      0.05,      0.04,      0.06,      0.02,      0.01,      0.02,      0.01,      0.02,      0.02,      0.01,      0.01,      0.00,      0.01,      0.01,      0.01,      0.00,      0.01,      0.01,      0.02,      0.01,,,,,,,,
French Polynesia,World,Minerals,Export,Export Product share(%),              0.03,              0.03,              0.03,              0.03,              0.11,              0.01,      0.01,      0.02,      0.01,      0.01,      0.01,      0.02,      0.08,      0.04,      0.08,      0.04,      0.01,      0.00,      0.00,,,      0.10,      0.00,      0.01,      0.00,      0.00,,,,,,,,
French Polynesia,"Hong Kong, China",All Products,Export,Partner share(%)-Top 5 Export Partner,             18.94,             13.01,             20.82,             27.89,             26.72,             16.67,     24.46,     28.74,     27.50,     27.52,     26.56,     29.95,     36.62,     41.41,     34.02,     32.14,     27.98,     21.19,     20.49,     30.45,     27.32,     20.93,     12.85,      5.92,      3.87,      5.24,,,,,,,,
French Polynesia,World,All Products,Tariff,Simple Average (%),              7.62,              6.88,              6.56,              6.60,              6.60,              7.48,      7.53,      5.73,      5.74,      5.84,      6.70,,      6.82,      6.82,,,,,,,,,,,,,,,,,,,,
French Polynesia,France,All Products,Export,Partner share(%)-Top 5 Export Partner,             30.42,             29.73,             19.45,             26.11,             24.55,             21.96,     13.91,     11.43,     14.06,     15.58,     19.99,     13.16,     17.61,     19.69,      9.20,     13.29,     13.77,     14.28,     12.23,      9.73,     14.53,     14.50,     17.90,     28.15,     25.68,     22.69,,,,,,,,
French Polynesia,World,Plastic or Rubber,Export,Export Product share(%),              0.32,              0.60,              0.32,              0.47,              0.33,              0.26,      0.34,      0.18,      0.22,      0.21,      0.31,      0.30,      0.27,      0.28,      0.21,      0.21,      0.22,      0.24,      0.28,      0.12,      0.12,      0.11,      0.15,      0.20,      0.16,      0.12,,,,,,,,
French Polynesia,Ireland,All Products,Export,Partner share(%)-Top 5 Export Partner,,,,,              5.62,,,,,,,,,,,,,,,,,,,,,,,,,,,,,
French Polynesia,Australia,All Products,Import,Partner share(%)-Top 5 Import Partner,,,,,,,,,,,,,,,,,,      9.08,     11.40,      8.61,     11.47,      9.31,      6.43,      6.51,      7.88,      7.13,,,,,,,,
French Polynesia,Singapore,All Products,Import,Partner share(%)-Top 5 Import Partner,,,,,,,      8.55,     13.36,,,     15.38,     12.74,     11.08,     14.16,     11.46,     12.52,      9.31,,,,,,,,,,,,,,,,,
French Polynesia,Japan,All Products,Export,Partner share(%)-Top 5 Export Partner,             13.57,             13.73,             11.60,             18.77,             17.88,             13.32,     26.10,     27.63,     29.36,     27.82,     20.78,     20.14,     21.33,     14.16,     31.69,     27.77,     28.28,     30.45,     30.28,     31.06,     25.83,     36.86,     40.52,     37.41,     37.01,     44.18,,,,,,,,
French Polynesia,Denmark,All Products,Export,Partner share(%)-Top 5 Export Partner,,,,,,,      6.34,,,,,,,,,,,,,,,,,,,,,,,,,,,
French Polynesia,World,Miscellaneous,Export,Export Product share(%),              4.48,             10.62,              3.69,              3.48,              8.85,              2.30,      1.11,      1.20,      0.82,      0.72,      2.54,      1.35,      2.09,      0.91,      0.61,      1.18,      0.69,      1.67,      1.02,      1.03,      1.07,      3.51,      5.48,      4.61,      7.81,     11.51,,,,,,,,
French Polynesia,France,All Products,Import,Partner share(%)-Top 5 Import Partner,             23.45,             25.87,             20.59,             20.74,             28.41,             29.48,     25.56,     25.85,     24.69,     24.09,     26.40,     28.07,     30.14,     30.14,     30.35,     30.94,     35.49,     34.41,     41.76,     46.32,     36.17,     35.93,     38.09,     45.78,     37.85,     42.82,,,,,,,,
French Polynesia,World,All Products,Tariff,Maximum Rate (%),             15.00,             15.00,             15.00,             15.00,             15.00,             15.00,     15.00,     15.00,     15.00,     15.00,     15.00,,     15.00,     15.00,,,,,,,,,,,,,,,,,,,,
French Polynesia,World,All Products,Tariff,Weighted Average (%),              5.75,              4.83,              4.62,              5.05,              5.05,              5.36,      5.08,      3.99,      3.99,      3.89,      4.21,,      4.36,      3.93,,,,,,,,,,,,,,,,,,,,
French Polynesia,United Kingdom,All Products,Export,Partner share(%)-Top 5 Export Partner,,,              9.82,,,,,,,,,     10.71,,,,,,,,,,,,,,,,,,,,,,
French Polynesia,...,...,Trade Indicator,Index of export market penetration,              1.32,              1.44,              1.40,              1.38,              1.42,              1.40,      1.41,      1.40,      1.40,      1.44,      1.45,      1.45,      1.45,      1.46,      1.48,      1.47,      1.47,      1.45,      1.46,      1.51,      1.45,      1.49,      1.53,      1.46,      1.43,      1.45,,,,,,,,
French Polynesia,World,Raw materials,Export,Export Product share(%),             48.58,             42.45,             47.06,             60.13,             55.63,             38.23,     68.01,     68.03,     71.53,     71.38,     59.27,     61.95,     67.71,     57.38,     69.80,     64.52,     65.49,     66.07,     71.01,     77.19,     70.61,     75.78,     64.34,     57.28,     64.99,     62.92,,,,,,,,
French Polynesia,"Korea, Rep.",All Products,Import,Partner share(%)-Top 5 Import Partner,              7.59,              8.56,              6.70,              6.69,              7.32,              5.86,,,     10.89,      9.73,,,,,,,,,,,,,,,,,,,,,,,,
French Polynesia,World,Consumer goods,Tariff,Weighted Average (%),              6.27,              5.13,              4.78,              5.10,              5.10,              5.66,      5.37,      4.05,      4.06,      4.06,      4.26,,      4.40,      4.27,,,,,,,,,,,,,,,,,,,,
French Polynesia,...,...,Development,"GNI per capita, Atlas method (current US$)",,,,,,,,,,,,,,,,,,,,,,  15770.00,  16170.00,  16660.00,  17250.00,  17780.00,  17920.00,  17470.00,  17400.00,  17260.00,  16030.00,  15270.00,  14940.00,  15360.00
French Polynesia,Netherlands,All Products,Export,Partner share(%)-Top 5 Export Partner,              5.63,              5.74,,,,             19.29,,,,,,,,,,,,,,,,,,,,,,,,,,,,
French Polynesia,New Zealand,All Products,Import,Partner share(%)-Top 5 Import Partner,              6.14,              6.27,              5.43,              5.35,              7.15,              7.50,      7.53,      7.96,      8.01,      8.41,      8.52,      8.10,      7.49,      6.19,      7.64,      6.63,      6.88,      7.82,      6.57,      7.46,      8.14,      7.40,      7.39,      5.89,      7.33,      6.73,,,,,,,,
French Polynesia,World,Stone and Glass,Export,Export Product share(%),             34.66,             30.82,             33.92,             49.35,             47.55,             31.91,     55.26,     59.30,     63.43,     60.45,     54.27,     58.18,     65.57,     64.59,     75.74,     67.47,     68.44,     66.80,     66.82,     71.82,     65.42,     74.16,     68.30,     58.52,     63.11,     62.35,,,,,,,,
French Polynesia,World,Capital goods,Export,Export Product share(%),             19.36,              9.66,             23.29,             12.22,             11.26,             23.88,      9.94,     14.58,      7.08,      3.29,     15.69,     16.14,      9.84,     14.29,      2.92,     11.56,     11.68,      9.80,      6.21,      6.19,     15.94,     11.37,     18.80,     27.95,     18.81,     19.37,,,,,,,,
French Polynesia,World,Chemicals,Export,Export Product share(%),              2.41,              4.03,              2.89,              2.90,              2.52,              1.88,      2.90,      2.12,      1.90,      2.16,      2.15,      1.75,      1.42,      2.08,      1.74,      1.43,      1.25,      1.44,      1.55,      1.32,      0.85,      0.58,      0.70,      0.84,      0.60,      0.75,,,,,,,,
French Polynesia,Japan,All Products,Import,Partner share(%)-Top 5 Import Partner,,,,,,,,,,,,,,,,,,,,      3.04,,,      4.55,      4.09,      4.21,      3.58,,,,,,,,
French Polynesia,...,...,Development,Trade (% of GDP),,,,,,,,,,,,,,,,,,,,,,     29.13,     29.24,     32.83,     30.59,     29.89,     28.16,     28.38,     27.07,     26.54,     29.31,,,
French Polynesia,United States,All Products,Export,Partner share(%)-Top 5 Export Partner,             16.71,             19.78,             24.23,             14.05,             12.45,              9.21,     18.05,     11.86,     14.53,     16.95,     16.07,     11.58,     10.97,      8.09,      7.44,     12.12,     13.84,     15.85,     14.57,     14.97,     19.02,     12.13,     10.06,     12.29,     15.53,      9.49,,,,,,,,
French Polynesia,World,Consumer goods,Export,Export Product share(%),             17.01,             23.87,             18.65,             19.37,             18.52,             30.79,     15.16,     12.36,     15.34,     14.77,     14.88,     17.35,     17.97,     23.48,     23.11,     20.25,     19.46,     19.26,     16.55,     10.80,      8.15,      8.04,     10.98,      8.89,      6.41,      7.04,,,,,,,,
French Polynesia,Thailand,All Products,Export,Partner share(%)-Top 5 Export Partner,,,,,,,,,,,,,,,,,      2.96,      6.26,      8.10,,,,,,,,,,,,,,,
French Polynesia,World,Animal,Export,Export Product share(%),             13.66,             12.38,             13.58,             11.21,              8.91,              6.98,     13.67,      9.94,     10.92,     14.36,      8.00,      6.75,      6.04,      4.55,      5.12,      4.78,      4.07,      3.57,      5.98,      6.37,      6.96,      3.57,      2.02,      1.91,      3.05,      1.16,,,,,,,,
French Polynesia,World,Raw materials,Import,Import Product share(%),              6.99,              7.85,              6.81,              6.60,              8.35,              8.48,      8.81,      9.00,      8.32,      8.48,      8.24,      7.86,      7.85,      6.93,      7.52,      6.82,      6.93,      7.53,      5.98,      6.15,      7.18,      7.11,      7.52,      6.88,      7.89,      7.44,,,,,,,,
